date,open,high,low,close
2022-02-24 16:00:00,800.77,803.0,800.11,802.0
2022-02-24 15:59:00,800.04,801.67,800.0,800.35
2022-02-24 15:58:00,799.85,800.36,799.2463,800.12
2022-02-24 15:57:00,800.34,801.0,799.11,799.7179
2022-02-24 15:56:00,800.28,801.37,800.1458,800.34
2022-02-24 15:55:00,801.59,802.48,799.0801,800.555
2022-02-24 15:54:00,800.9,802.3599,800.07,801.545
2022-02-24 15:53:00,798.83,801.1999,798.83,800.9211
2022-02-24 15:52:00,797.65,799.0,797.505,798.8299
2022-02-24 15:51:00,797.73,798.0,796.75,797.37
2022-02-24 15:50:00,793.31,797.7654,793.25,797.42
2022-02-24 15:49:00,793.01,793.78,792.13,792.975
2022-02-24 15:48:00,791.14,794.0,790.9094,793.2
2022-02-24 15:47:00,792.585,792.843,790.83,791.1
2022-02-24 15:46:00,793.31,793.4499,791.13,792.13
2022-02-24 15:45:00,792.51,793.455,790.36,792.9507
2022-02-24 15:44:00,795.27,795.61,792.46,792.62
2022-02-24 15:43:00,794.71,796.6599,794.14,795.55
2022-02-24 15:42:00,796.04,796.69,794.8,794.89
2022-02-24 15:41:00,794.2268,796.81,794.2268,795.9
2022-02-24 15:40:00,795.595,795.6,793.43,794.31
2022-02-24 15:39:00,795.01,796.2299,794.5762,795.595
2022-02-24 15:38:00,795.51,796.83,794.52,795.2225
2022-02-24 15:37:00,794.6941,796.0,794.67,795.69
2022-02-24 15:36:00,795.05,795.32,794.1,794.69
2022-02-24 15:35:00,794.79,795.29,793.08,795.2
2022-02-24 15:34:00,793.415,795.0,792.8,794.745
2022-02-24 15:33:00,790.6799,793.58,789.88,793.51
2022-02-24 15:32:00,789.45,790.68,788.38,789.9871
2022-02-24 15:31:00,787.1,789.7199,786.25,789.1301
2022-02-24 15:30:00,784.98,787.63,784.8325,786.9899
2022-02-24 15:29:00,787.01,787.01,784.28,784.97
2022-02-24 15:28:00,786.38,789.0,786.2464,787.2326
2022-02-24 15:27:00,788.02,788.5,785.58,786.87
2022-02-24 15:26:00,786.37,788.38,786.25,788.26
2022-02-24 15:25:00,786.08,786.8999,785.5,786.574
2022-02-24 15:24:00,786.5301,787.0,785.82,786.21
2022-02-24 15:23:00,785.195,787.1099,784.81,786.5229
2022-02-24 15:22:00,785.09,785.44,784.4441,785.18
2022-02-24 15:21:00,784.1801,785.26,784.15,784.645
2022-02-24 15:20:00,787.18,787.36,783.5,784.296
2022-02-24 15:19:00,785.0,787.0,784.985,786.82
2022-02-24 15:18:00,784.03,785.17,783.5001,785.0
2022-02-24 15:17:00,783.95,784.4899,783.2401,784.23
2022-02-24 15:16:00,785.36,785.475,783.24,784.39
2022-02-24 15:15:00,785.63,785.8327,784.99,785.4041
2022-02-24 15:14:00,784.6978,786.1199,784.68,785.9799
2022-02-24 15:13:00,784.8,785.5499,784.2481,784.999
2022-02-24 15:12:00,782.99,784.8,782.51,784.78
2022-02-24 15:11:00,783.95,784.0,781.72,782.7431
2022-02-24 15:10:00,783.3,784.3,782.5701,783.5424
2022-02-24 15:09:00,785.54,786.16,783.2,783.515
2022-02-24 15:08:00,783.9475,786.45,783.72,785.9463
2022-02-24 15:07:00,783.4177,784.43,782.5,784.22
2022-02-24 15:06:00,783.98,785.1499,782.5,783.0924
2022-02-24 15:05:00,784.0,784.4432,782.8758,784.0
2022-02-24 15:04:00,780.97,784.7299,780.715,784.35
2022-02-24 15:03:00,779.967,781.09,779.06,781.09
2022-02-24 15:02:00,776.54,781.2085,776.15,779.87
2022-02-24 15:01:00,776.25,776.6,775.1,776.375
2022-02-24 15:00:00,776.435,777.48,775.51,775.6
2022-02-24 14:59:00,775.405,776.7199,775.0,776.7199
2022-02-24 14:58:00,776.11,776.29,774.5,775.205
2022-02-24 14:57:00,776.1755,776.9999,775.59,776.465
2022-02-24 14:56:00,776.45,776.52,774.9,776.3499
2022-02-24 14:55:00,778.3401,778.9699,774.7601,776.15
2022-02-24 14:54:00,777.36,779.2,776.6,778.4308
2022-02-24 14:53:00,776.41,777.77,776.3,777.42
2022-02-24 14:52:00,775.54,776.792,774.04,776.67
2022-02-24 14:51:00,776.93,777.07,773.8,775.3462
2022-02-24 14:50:00,776.51,777.66,774.4056,776.93
2022-02-24 14:49:00,776.96,777.0,775.5,776.5447
2022-02-24 14:48:00,774.62,777.2399,773.6,776.97
2022-02-24 14:47:00,778.09,778.2098,773.98,774.3899
2022-02-24 14:46:00,775.598,778.82,775.598,777.6643
2022-02-24 14:45:00,775.36,777.428,775.2307,775.985
2022-02-24 14:44:00,775.55,776.62,774.5,775.13
2022-02-24 14:43:00,777.85,778.48,775.5,775.54
2022-02-24 14:42:00,776.54,778.59,776.165,777.75
2022-02-24 14:41:00,776.69,776.9246,774.695,776.46
2022-02-24 14:40:00,779.7362,779.8,775.32,776.5533
2022-02-24 14:39:00,779.19,779.68,776.9,779.68
2022-02-24 14:38:00,776.6,779.54,776.6,778.8911
2022-02-24 14:37:00,776.29,777.89,775.43,776.88
2022-02-24 14:36:00,773.97,776.6295,773.16,776.6295
2022-02-24 14:35:00,775.58,777.0,773.585,773.815
2022-02-24 14:34:00,774.31,776.9799,774.31,775.666
2022-02-24 14:33:00,772.23,774.9,771.55,774.3589
2022-02-24 14:32:00,771.535,774.9,771.08,772.1379
2022-02-24 14:31:00,773.02,773.3,770.74,771.2
2022-02-24 14:30:00,766.87,774.4,766.58,773.0201
2022-02-24 14:29:00,766.655,767.74,764.25,766.6101
2022-02-24 14:28:00,766.5822,768.0,764.45,766.656
2022-02-24 14:27:00,764.04,767.89,761.4534,766.425
2022-02-24 14:26:00,764.05,764.545,760.9401,764.33
2022-02-24 14:25:00,760.42,768.0,760.42,763.84
2022-02-24 14:24:00,756.09,761.3799,755.4,760.33
2022-02-24 14:23:00,761.015,767.095,756.03,756.202
2022-02-24 14:22:00,774.1301,775.14,756.2,761.015
2022-02-24 14:21:00,771.29,774.8,771.29,774.42
2022-02-24 14:20:00,771.62,772.4,770.3601,771.28
2022-02-24 14:19:00,771.2436,772.0,770.7321,771.38
2022-02-24 14:18:00,768.93,771.2899,768.25,771.2899
2022-02-24 14:17:00,770.5829,771.5799,768.8,768.8593
2022-02-24 14:16:00,770.145,771.86,769.61,770.925
2022-02-24 14:15:00,769.505,772.23,769.3901,769.7356
2022-02-24 14:14:00,768.51,769.69,767.0201,769.465
2022-02-24 14:13:00,766.2,768.65,765.32,767.95
2022-02-24 14:12:00,766.4721,766.4721,764.17,766.2
2022-02-24 14:11:00,766.3374,767.75,765.5,766.65
2022-02-24 14:10:00,763.92,766.5248,763.58,766.5
2022-02-24 14:09:00,766.38,766.6499,762.07,763.39
2022-02-24 14:08:00,764.47,766.66,764.03,766.01
2022-02-24 14:07:00,762.03,764.9755,762.03,764.49
2022-02-24 14:06:00,765.0317,765.245,760.73,761.8906
2022-02-24 14:05:00,764.9999,766.0,764.0,764.9801
2022-02-24 14:04:00,763.47,764.53,762.34,764.53
2022-02-24 14:03:00,762.69,765.45,762.35,763.34
2022-02-24 14:02:00,761.96,763.3299,761.4652,762.2584
2022-02-24 14:01:00,764.08,764.66,761.21,761.4601
2022-02-24 14:00:00,765.11,766.4344,763.51,763.67
2022-02-24 13:59:00,765.7,767.0,764.95,765.37
2022-02-24 13:58:00,768.02,768.62,764.64,765.6419
2022-02-24 13:57:00,767.37,768.73,766.73,768.09
2022-02-24 13:56:00,767.95,770.0,767.135,767.37
2022-02-24 13:55:00,770.0,770.35,767.4,767.9501
2022-02-24 13:54:00,772.81,773.43,769.18,770.25
2022-02-24 13:53:00,771.15,773.2199,770.6,772.3
2022-02-24 13:52:00,774.3,774.54,770.25,770.7201
2022-02-24 13:51:00,774.49,775.2899,772.73,774.1299
2022-02-24 13:50:00,776.33,777.0,772.61,774.9399
2022-02-24 13:49:00,772.84,776.96,772.42,776.91
2022-02-24 13:48:00,767.53,773.23,767.53,772.3
2022-02-24 13:47:00,769.4899,769.4899,766.45,767.83
2022-02-24 13:46:00,764.0799,770.0,763.915,768.475
2022-02-24 13:45:00,765.06,765.6371,763.0701,763.75
2022-02-24 13:44:00,767.46,769.2,764.34,765.0925
2022-02-24 13:43:00,768.15,769.69,767.58,767.62
2022-02-24 13:42:00,767.855,769.0,766.78,768.37
2022-02-24 13:41:00,769.83,770.4299,767.27,767.8484
2022-02-24 13:40:00,768.44,770.5,768.3,769.73
2022-02-24 13:39:00,768.9,769.34,767.73,768.2859
2022-02-24 13:38:00,768.67,769.48,766.2301,768.8604
2022-02-24 13:37:00,765.61,768.68,765.5,768.2461
2022-02-24 13:36:00,762.63,766.0,761.64,765.864
2022-02-24 13:35:00,759.96,762.97,759.01,762.3434
2022-02-24 13:34:00,759.2474,760.23,759.01,760.03
2022-02-24 13:33:00,758.74,760.975,758.68,759.77
2022-02-24 13:32:00,759.3,759.5,758.3601,759.0
2022-02-24 13:31:00,758.6627,759.29,758.36,759.0
2022-02-24 13:30:00,756.7601,759.9,756.7601,758.34
2022-02-24 13:29:00,757.23,758.05,756.1001,756.3
2022-02-24 13:28:00,759.66,760.4899,757.0,757.2224
2022-02-24 13:27:00,759.0975,760.62,758.2601,759.44
2022-02-24 13:26:00,758.57,759.0,757.25,759.0
2022-02-24 13:25:00,759.0,759.65,758.25,758.56
2022-02-24 13:24:00,760.22,760.22,758.22,758.84
2022-02-24 13:23:00,760.54,760.63,759.18,759.8568
2022-02-24 13:22:00,759.9863,760.4999,758.88,760.4999
2022-02-24 13:21:00,762.545,762.7999,759.25,759.51
2022-02-24 13:20:00,761.0202,762.53,760.38,762.4774
2022-02-24 13:19:00,761.24,762.12,760.58,760.9
2022-02-24 13:18:00,759.68,762.9299,759.43,761.3999
2022-02-24 13:17:00,759.69,759.7,757.8501,759.32
2022-02-24 13:16:00,760.7827,760.7827,758.66,759.0101
2022-02-24 13:15:00,761.3769,761.74,760.61,760.65
2022-02-24 13:14:00,761.51,761.73,760.0,761.73
2022-02-24 13:13:00,762.0,762.61,761.2301,761.645
2022-02-24 13:12:00,759.9999,762.19,759.9301,762.03
2022-02-24 13:11:00,757.15,760.65,756.27,759.775
2022-02-24 13:10:00,757.6,758.4199,756.54,757.0901
2022-02-24 13:09:00,757.49,758.5019,756.619,758.14
2022-02-24 13:08:00,757.0,757.84,756.0,757.17
2022-02-24 13:07:00,758.86,758.9941,756.4697,757.3939
2022-02-24 13:06:00,755.62,759.1,755.39,759.05
2022-02-24 13:05:00,755.0,756.7989,754.52,755.6199
2022-02-24 13:04:00,752.38,755.74,751.7,755.235
2022-02-24 13:03:00,753.6153,754.15,751.56,752.6962
2022-02-24 13:02:00,752.2853,754.2399,751.73,753.8099
2022-02-24 13:01:00,750.9099,752.55,750.71,752.02
2022-02-24 13:00:00,752.905,753.1199,750.5,750.54
2022-02-24 12:59:00,754.34,755.0,751.73,752.53
2022-02-24 12:58:00,754.885,755.7799,754.0,755.04
2022-02-24 12:57:00,758.08,758.1499,754.35,754.804
2022-02-24 12:56:00,755.35,758.725,754.07,758.08
2022-02-24 12:55:00,755.8435,755.8435,754.3638,754.89
2022-02-24 12:54:00,754.67,756.49,754.02,755.52
2022-02-24 12:53:00,755.0323,755.19,753.4,754.7807
2022-02-24 12:52:00,755.4585,755.5,754.71,755.11
2022-02-24 12:51:00,755.36,756.7068,754.58,755.25
2022-02-24 12:50:00,754.52,755.9499,753.6201,755.0
2022-02-24 12:49:00,756.565,757.04,753.6531,754.44
2022-02-24 12:48:00,756.7458,757.0794,755.3401,756.8
2022-02-24 12:47:00,756.03,756.82,755.0003,756.485
2022-02-24 12:46:00,758.21,758.46,756.03,756.03
2022-02-24 12:45:00,758.34,759.6,757.67,758.27
2022-02-24 12:44:00,758.86,759.29,757.33,757.6876
2022-02-24 12:43:00,758.54,759.8699,758.54,759.31
2022-02-24 12:42:00,760.0,760.025,757.2101,757.5925
2022-02-24 12:41:00,762.4999,762.68,759.0701,760.2
2022-02-24 12:40:00,758.94,762.75,758.94,762.075
2022-02-24 12:39:00,758.64,759.505,758.06,759.1064
2022-02-24 12:38:00,758.9268,759.8299,758.39,758.9711
2022-02-24 12:37:00,757.18,759.6,755.5178,758.99
2022-02-24 12:36:00,756.95,758.13,755.83,757.23
2022-02-24 12:35:00,755.31,757.51,755.12,756.86
2022-02-24 12:34:00,755.91,756.6799,755.0001,755.429
2022-02-24 12:33:00,754.9468,757.18,754.7196,756.2748
2022-02-24 12:32:00,756.4099,756.4099,753.0,754.55
2022-02-24 12:31:00,758.86,759.0099,755.56,756.0
2022-02-24 12:30:00,755.2,760.0,754.99,759.09
2022-02-24 12:29:00,754.0,755.55,753.49,755.2299
2022-02-24 12:28:00,754.16,754.68,753.16,753.735
2022-02-24 12:27:00,752.67,755.8599,752.67,753.63
2022-02-24 12:26:00,752.08,752.9999,750.49,752.93
2022-02-24 12:25:00,752.0259,753.2999,751.67,752.64
2022-02-24 12:24:00,751.27,752.56,750.6049,751.7269
2022-02-24 12:23:00,755.17,755.43,751.39,751.45
2022-02-24 12:22:00,753.51,755.33,752.72,754.75
2022-02-24 12:21:00,757.5421,758.04,753.0,753.7376
2022-02-24 12:20:00,757.95,759.11,756.7667,757.3
2022-02-24 12:19:00,758.21,759.0,757.0,758.0015
2022-02-24 12:18:00,758.97,759.14,757.0,758.232
2022-02-24 12:17:00,757.99,759.36,757.6,758.51
2022-02-24 12:16:00,756.97,759.65,756.61,757.88
2022-02-24 12:15:00,757.9842,758.6699,756.1701,756.91
2022-02-24 12:14:00,758.3496,758.6899,757.09,757.8654
2022-02-24 12:13:00,759.67,760.0,757.33,758.19
2022-02-24 12:12:00,761.2501,761.79,759.17,759.765
2022-02-24 12:11:00,762.51,762.76,761.12,761.26
2022-02-24 12:10:00,761.84,763.5299,761.755,762.82
2022-02-24 12:09:00,762.86,762.99,761.31,761.4801
2022-02-24 12:08:00,762.47,763.86,761.33,762.15
2022-02-24 12:07:00,763.86,764.8,762.0017,762.06
2022-02-24 12:06:00,764.0,764.9999,763.1001,763.56
2022-02-24 12:05:00,765.62,767.3707,763.47,764.05
2022-02-24 12:04:00,765.3736,766.31,764.76,765.9258
2022-02-24 12:03:00,767.22,767.65,765.0,765.32
2022-02-24 12:02:00,766.69,767.88,765.36,766.975
2022-02-24 12:01:00,767.0,767.295,764.13,766.6799
2022-02-24 12:00:00,768.8999,770.77,766.53,767.305
2022-02-24 11:59:00,768.0,769.45,767.05,768.385
2022-02-24 11:58:00,768.23,768.66,766.17,767.79
2022-02-24 11:57:00,769.02,769.02,767.16,768.4
2022-02-24 11:56:00,765.5868,769.99,765.5868,769.01
2022-02-24 11:55:00,766.88,767.27,765.01,765.1628
2022-02-24 11:54:00,765.16,767.55,765.02,766.98
2022-02-24 11:53:00,760.83,765.16,760.5,765.16
2022-02-24 11:52:00,760.82,761.8199,760.33,760.58
2022-02-24 11:51:00,759.29,761.36,759.0,760.9
2022-02-24 11:50:00,758.71,760.7199,758.01,759.43
2022-02-24 11:49:00,756.72,759.4,756.72,758.43
2022-02-24 11:48:00,754.78,760.54,754.5,757.025
2022-02-24 11:47:00,755.3299,756.574,754.56,754.56
2022-02-24 11:46:00,756.39,757.3337,754.0801,754.6
2022-02-24 11:45:00,755.0939,758.5699,755.0939,756.935
2022-02-24 11:44:00,754.68,755.72,753.3903,755.438
2022-02-24 11:43:00,757.9826,758.76,754.5,754.625
2022-02-24 11:42:00,761.85,761.89,757.0301,757.7458
2022-02-24 11:41:00,765.2,765.37,761.2014,762.0
2022-02-24 11:40:00,764.23,765.36,762.8301,765.168
2022-02-24 11:39:00,760.2,764.89,760.1391,764.05
2022-02-24 11:38:00,761.4232,761.9699,760.01,760.14
2022-02-24 11:37:00,759.8932,761.3681,759.0,760.99
2022-02-24 11:36:00,760.71,761.87,759.37,760.33
2022-02-24 11:35:00,761.55,763.2499,759.38,760.5
2022-02-24 11:34:00,759.04,762.0699,758.9024,761.255
2022-02-24 11:33:00,758.57,760.72,758.5,759.7442
2022-02-24 11:32:00,759.2062,761.1401,758.48,758.9052
2022-02-24 11:31:00,763.97,764.5899,759.03,759.164
2022-02-24 11:30:00,761.44,765.969,761.15,764.45
2022-02-24 11:29:00,763.52,764.37,760.61,761.135
2022-02-24 11:28:00,762.305,764.4485,761.35,763.3583
2022-02-24 11:27:00,763.4657,764.6699,761.1301,761.95
2022-02-24 11:26:00,765.265,766.45,763.01,763.01
2022-02-24 11:25:00,764.0988,766.46,763.69,765.9222
2022-02-24 11:24:00,765.0581,767.255,764.0,764.82
2022-02-24 11:23:00,767.08,769.89,764.205,765.6633
2022-02-24 11:22:00,767.024,768.8799,766.34,767.9599
2022-02-24 11:21:00,768.32,769.9899,765.5368,767.29
2022-02-24 11:20:00,770.0844,771.83,767.49,768.31
2022-02-24 11:19:00,765.49,770.9999,765.285,770.505
2022-02-24 11:18:00,764.385,767.0,763.185,765.6825
2022-02-24 11:17:00,762.07,764.0,760.8159,763.97
2022-02-24 11:16:00,762.36,763.9999,761.1801,762.28
2022-02-24 11:15:00,764.3999,764.5374,762.046,762.5501
2022-02-24 11:14:00,765.83,765.83,763.995,763.995
2022-02-24 11:13:00,765.17,767.5,764.4401,766.113
2022-02-24 11:12:00,764.625,765.4299,762.74,765.28
2022-02-24 11:11:00,760.85,765.8,760.85,764.615
2022-02-24 11:10:00,763.47,763.7969,759.0,761.61
2022-02-24 11:09:00,763.4651,764.97,762.17,763.35
2022-02-24 11:08:00,761.7,764.25,760.34,763.679
2022-02-24 11:07:00,757.52,762.7299,757.215,761.4001
2022-02-24 11:06:00,758.01,758.01,755.08,757.135
2022-02-24 11:05:00,754.53,758.66,754.53,757.585
2022-02-24 11:04:00,752.6752,756.64,724.06,754.14
2022-02-24 11:03:00,755.558,757.65,752.62,752.99
2022-02-24 11:02:00,761.0,761.05,754.47,755.5401
2022-02-24 11:01:00,759.32,763.6,759.29,760.1
2022-02-24 11:00:00,759.31,760.3,756.11,759.15
2022-02-24 10:59:00,761.41,768.35,758.44,758.9217
2022-02-24 10:58:00,764.665,768.82,761.0501,761.93
2022-02-24 10:57:00,766.02,768.79,763.35,764.98
2022-02-24 10:56:00,768.1224,768.26,766.01,766.6
2022-02-24 10:55:00,764.51,769.33,764.51,768.35
2022-02-24 10:54:00,769.3,769.44,724.06,764.9065
2022-02-24 10:53:00,762.03,769.44,762.01,769.44
2022-02-24 10:52:00,765.3584,765.6436,762.05,762.46
2022-02-24 10:51:00,763.0,766.0,763.0,764.98
2022-02-24 10:50:00,767.81,768.9599,752.765,763.61
2022-02-24 10:49:00,767.04,770.79,751.805,767.5
2022-02-24 10:48:00,765.07,768.79,753.77,767.5466
2022-02-24 10:47:00,764.3428,766.5,753.86,765.0701
2022-02-24 10:46:00,756.9536,764.8799,756.0,764.11
2022-02-24 10:45:00,757.2,761.47,757.0,757.0
2022-02-24 10:44:00,759.7,759.75,755.5,757.46
2022-02-24 10:43:00,753.6899,760.12,751.665,759.7475
2022-02-24 10:42:00,753.785,759.285,752.0,753.4
2022-02-24 10:41:00,752.97,755.3412,752.79,753.785
2022-02-24 10:40:00,756.71,757.5514,751.0101,752.968
2022-02-24 10:39:00,757.5835,758.0,755.3,756.925
2022-02-24 10:38:00,754.8,757.84,753.36,757.455
2022-02-24 10:37:00,754.2601,758.02,753.35,754.4163
2022-02-24 10:36:00,757.41,758.255,754.47,754.47
2022-02-24 10:35:00,759.5859,761.22,757.0,757.0
2022-02-24 10:34:00,760.62,763.2941,756.385,759.7553
2022-02-24 10:33:00,757.66,761.95,756.73,761.3099
2022-02-24 10:32:00,755.0601,759.94,754.7,757.436
2022-02-24 10:31:00,751.89,756.65,751.33,755.49
2022-02-24 10:30:00,755.65,755.84,751.33,752.17
2022-02-24 10:29:00,756.2719,757.9999,754.62,756.02
2022-02-24 10:28:00,757.19,761.4,755.7,756.05
2022-02-24 10:27:00,755.86,764.015,755.45,757.19
2022-02-24 10:26:00,758.4,765.565,755.03,755.68
2022-02-24 10:25:00,763.1044,770.193,758.46,758.62
2022-02-24 10:24:00,760.775,772.14,760.55,762.7136
2022-02-24 10:23:00,765.03,774.13,760.55,761.33
2022-02-24 10:22:00,772.0,772.45,764.1835,765.11
2022-02-24 10:21:00,768.3901,774.7,767.69,772.065
2022-02-24 10:20:00,764.69,770.0,763.697,767.8148
2022-02-24 10:19:00,768.6938,769.0,764.1501,764.685
2022-02-24 10:18:00,762.38,769.0,760.66,768.9304
2022-02-24 10:17:00,758.03,762.39,757.83,761.5701
2022-02-24 10:16:00,756.9,758.8828,756.5,758.0908
2022-02-24 10:15:00,754.31,757.99,754.0201,756.9
2022-02-24 10:14:00,753.17,755.5699,750.11,754.4
2022-02-24 10:13:00,750.4,756.69,750.01,753.16
2022-02-24 10:12:00,751.885,752.82,748.85,750.9999
2022-02-24 10:11:00,748.0066,752.4999,747.5,752.0
2022-02-24 10:10:00,748.115,748.71,745.5,747.845
2022-02-24 10:09:00,745.16,748.3999,743.59,748.1
2022-02-24 10:08:00,740.3834,746.7086,740.34,745.47
2022-02-24 10:07:00,740.925,742.41,740.25,740.76
2022-02-24 10:06:00,736.25,742.99,736.09,740.9807
2022-02-24 10:05:00,740.6305,740.85,736.0468,736.535
2022-02-24 10:04:00,740.6,743.19,740.12,740.42
2022-02-24 10:03:00,741.475,743.5299,740.6001,741.01
2022-02-24 10:02:00,743.1983,746.84,741.0,741.67
2022-02-24 10:01:00,745.81,746.9199,740.74,743.05
2022-02-24 10:00:00,748.71,749.24,744.3,745.99
2022-02-24 09:59:00,750.385,750.7599,746.0005,749.3242
2022-02-24 09:58:00,745.8374,750.4,744.4001,750.23
2022-02-24 09:57:00,749.97,750.0,745.0,745.5
2022-02-24 09:56:00,749.38,752.3999,747.08,749.6201
2022-02-24 09:55:00,747.23,749.73,744.31,748.7
2022-02-24 09:54:00,750.85,751.7,745.81,746.79
2022-02-24 09:53:00,745.37,753.4999,745.37,751.0
2022-02-24 09:52:00,746.57,747.4,744.7,745.8894
2022-02-24 09:51:00,750.67,750.67,743.11,746.0
2022-02-24 09:50:00,748.69,751.4899,746.01,750.79
2022-02-24 09:49:00,744.4101,748.7,742.53,748.65
2022-02-24 09:48:00,740.0,744.42,739.0,744.42
2022-02-24 09:47:00,741.0,741.73,736.08,739.9215
2022-02-24 09:46:00,736.86,742.915,736.86,741.6555
2022-02-24 09:45:00,735.74,737.49,733.0001,736.925
2022-02-24 09:44:00,728.51,736.7,728.23,736.1216
2022-02-24 09:43:00,726.233,729.85,724.61,728.26
2022-02-24 09:42:00,723.79,729.8,723.5,725.81
2022-02-24 09:41:00,722.94,725.31,722.0101,724.18
2022-02-24 09:40:00,731.39,731.7499,720.13,722.9768
2022-02-24 09:39:00,732.23,733.8432,729.38,731.0
2022-02-24 09:38:00,730.5316,732.26,726.69,732.26
2022-02-24 09:37:00,732.08,732.49,725.61,730.22
2022-02-24 09:36:00,724.58,732.49,723.26,732.0
2022-02-24 09:35:00,715.92,724.4999,715.49,724.3202
2022-02-24 09:34:00,718.69,720.0,712.15,716.6113
2022-02-24 09:33:00,727.75,729.7999,718.68,718.68
2022-02-24 09:32:00,724.3,728.56,720.72,727.76
2022-02-24 09:31:00,715.81,724.7989,710.2901,724.31
2022-02-24 09:30:00,700.39,716.765,700.0,716.345
2022-02-23 16:00:00,764.04,764.88,761.0,764.0
2022-02-23 15:59:00,764.65,764.65,763.26,763.99
2022-02-23 15:58:00,763.05,765.14,763.04,764.81
2022-02-23 15:57:00,764.04,764.165,762.8601,762.98
2022-02-23 15:56:00,764.47,765.11,764.02,764.113
2022-02-23 15:55:00,764.86,766.39,764.2101,764.68
2022-02-23 15:54:00,765.7113,766.41,764.645,764.8681
2022-02-23 15:53:00,767.0,767.46,765.47,765.9999
2022-02-23 15:52:00,765.04,768.22,764.77,766.829
2022-02-23 15:51:00,764.835,765.46,763.2,765.06
2022-02-23 15:50:00,763.12,764.95,762.0,764.95
2022-02-23 15:49:00,762.245,763.9652,762.245,763.3399
2022-02-23 15:48:00,761.9,762.4357,761.25,762.35
2022-02-23 15:47:00,760.75,762.7499,760.62,761.93
2022-02-23 15:46:00,765.2468,765.2961,760.56,760.6201
2022-02-23 15:45:00,764.1601,767.22,764.1001,765.3544
2022-02-23 15:44:00,766.295,766.295,764.1,764.2713
2022-02-23 15:43:00,766.02,766.6722,765.28,766.31
2022-02-23 15:42:00,766.75,767.02,766.01,766.08
2022-02-23 15:41:00,768.5,768.5,766.75,766.75
2022-02-23 15:40:00,767.51,769.2,767.2701,768.78
2022-02-23 15:39:00,769.025,769.39,767.36,767.7399
2022-02-23 15:38:00,769.1875,770.82,768.85,768.8858
2022-02-23 15:37:00,770.3365,770.38,768.49,769.182
2022-02-23 15:36:00,770.6,770.83,769.328,770.83
2022-02-23 15:35:00,771.545,773.2,770.715,770.715
2022-02-23 15:34:00,770.921,771.7699,770.4068,771.325
2022-02-23 15:33:00,770.9075,772.66,770.54,771.1
2022-02-23 15:32:00,771.96,771.96,770.6901,771.0
2022-02-23 15:31:00,772.9,774.1,771.57,771.98
2022-02-23 15:30:00,772.27,772.9,771.0,772.65
2022-02-23 15:29:00,771.815,772.86,771.46,772.37
2022-02-23 15:28:00,770.684,772.74,770.684,772.085
2022-02-23 15:27:00,771.25,772.24,770.4,770.97
2022-02-23 15:26:00,769.785,771.4938,769.6301,771.17
2022-02-23 15:25:00,768.82,770.17,768.1101,769.86
2022-02-23 15:24:00,767.7878,769.76,767.225,768.9499
2022-02-23 15:23:00,767.8,768.5023,766.56,767.48
2022-02-23 15:22:00,767.557,769.0,767.4,768.095
2022-02-23 15:21:00,768.0845,768.19,766.91,767.3
2022-02-23 15:20:00,767.71,768.88,767.04,767.9801
2022-02-23 15:19:00,769.23,770.1899,767.2901,767.39
2022-02-23 15:18:00,771.1443,771.71,768.58,769.1044
2022-02-23 15:17:00,769.35,771.48,769.35,771.2763
2022-02-23 15:16:00,768.655,769.68,767.3301,769.132
2022-02-23 15:15:00,768.225,769.1241,767.0,768.69
2022-02-23 15:14:00,766.1859,768.3981,766.06,768.3435
2022-02-23 15:13:00,765.84,766.84,765.4482,765.79
2022-02-23 15:12:00,765.8887,766.4599,765.1801,766.4599
2022-02-23 15:11:00,767.06,767.06,765.81,765.81
2022-02-23 15:10:00,766.8489,767.49,765.85,766.8992
2022-02-23 15:09:00,765.34,767.36,765.1101,766.9544
2022-02-23 15:08:00,766.04,766.545,765.086,765.315
2022-02-23 15:07:00,769.36,769.5056,766.0,766.07
2022-02-23 15:06:00,769.7003,769.7003,768.87,769.39
2022-02-23 15:05:00,769.15,770.6799,769.06,769.77
2022-02-23 15:04:00,770.8159,770.8159,768.3701,769.33
2022-02-23 15:03:00,772.98,773.0747,770.5,770.51
2022-02-23 15:02:00,772.545,773.02,772.01,772.89
2022-02-23 15:01:00,773.4163,773.4163,772.0,772.43
2022-02-23 15:00:00,772.72,774.1399,772.72,773.12
2022-02-23 14:59:00,773.91,774.02,772.5701,772.87
2022-02-23 14:58:00,773.24,775.4882,772.79,774.0
2022-02-23 14:57:00,772.07,773.1919,771.57,773.065
2022-02-23 14:56:00,772.6401,773.43,772.0,772.07
2022-02-23 14:55:00,772.87,773.685,772.0,772.7501
2022-02-23 14:54:00,774.06,774.195,772.5521,772.82
2022-02-23 14:53:00,774.815,774.815,772.98,773.61
2022-02-23 14:52:00,774.0978,775.11,774.0,774.93
2022-02-23 14:51:00,773.57,774.67,773.33,774.1699
2022-02-23 14:50:00,773.75,774.29,772.8,773.7904
2022-02-23 14:49:00,774.77,775.4598,773.8,773.81
2022-02-23 14:48:00,773.65,775.165,773.12,775.02
2022-02-23 14:47:00,772.9364,774.169,772.73,773.59
2022-02-23 14:46:00,772.405,773.36,772.2801,773.1278
2022-02-23 14:45:00,771.7671,773.47,771.5601,772.275
2022-02-23 14:44:00,772.16,772.3099,771.02,771.73
2022-02-23 14:43:00,771.9,773.1299,771.0,772.3794
2022-02-23 14:42:00,773.1,773.1,771.3,771.8375
2022-02-23 14:41:00,773.41,773.51,772.3625,772.7654
2022-02-23 14:40:00,773.97,774.2599,773.0201,773.32
2022-02-23 14:39:00,774.7474,775.93,773.65,774.1099
2022-02-23 14:38:00,774.2975,775.3099,773.0,774.43
2022-02-23 14:37:00,774.0599,774.68,773.3542,774.0
2022-02-23 14:36:00,774.0,775.48,773.89,773.89
2022-02-23 14:35:00,773.46,775.9699,773.07,774.15
2022-02-23 14:34:00,774.255,774.5,772.2601,773.3
2022-02-23 14:33:00,774.29,775.82,774.0739,774.49
2022-02-23 14:32:00,775.645,776.2856,774.0,774.4957
2022-02-23 14:31:00,776.0684,776.34,775.25,775.9559
2022-02-23 14:30:00,776.1604,777.18,775.9596,776.13
2022-02-23 14:29:00,775.82,777.15,775.5,776.098
2022-02-23 14:28:00,776.4299,776.4299,775.26,775.957
2022-02-23 14:27:00,776.44,777.39,776.0,776.44
2022-02-23 14:26:00,776.35,777.56,775.76,775.9729
2022-02-23 14:25:00,776.9162,777.68,776.39,776.4
2022-02-23 14:24:00,777.9501,778.5299,775.6601,776.859
2022-02-23 14:23:00,780.01,780.01,777.77,777.9276
2022-02-23 14:22:00,781.97,782.07,780.1,780.1101
2022-02-23 14:21:00,782.0,782.9199,781.2949,782.16
2022-02-23 14:20:00,782.335,782.705,781.8,782.2045
2022-02-23 14:19:00,783.8,783.81,782.11,782.48
2022-02-23 14:18:00,782.27,783.9499,782.27,783.2
2022-02-23 14:17:00,780.91,782.81,780.8,782.0
2022-02-23 14:16:00,782.325,782.325,780.8301,781.1
2022-02-23 14:15:00,781.89,783.0091,781.3101,782.34
2022-02-23 14:14:00,781.88,782.5399,781.26,782.04
2022-02-23 14:13:00,781.96,781.96,781.03,781.75
2022-02-23 14:12:00,781.65,782.4899,781.16,781.96
2022-02-23 14:11:00,783.57,783.58,781.64,781.9799
2022-02-23 14:10:00,782.14,784.88,782.1,783.785
2022-02-23 14:09:00,781.9261,782.76,781.0,782.23
2022-02-23 14:08:00,782.455,782.57,780.8321,781.43
2022-02-23 14:07:00,781.84,783.59,781.74,782.48
2022-02-23 14:06:00,781.3,782.9299,781.2884,781.87
2022-02-23 14:05:00,781.19,781.71,780.35,781.2764
2022-02-23 14:04:00,781.07,782.05,780.53,781.12
2022-02-23 14:03:00,781.05,781.3799,780.61,780.99
2022-02-23 14:02:00,783.0967,783.0999,781.05,781.06
2022-02-23 14:01:00,783.88,784.7299,782.8,782.9127
2022-02-23 14:00:00,782.3,784.3399,781.8201,783.8213
2022-02-23 13:59:00,782.97,783.09,782.3,782.625
2022-02-23 13:58:00,783.01,783.27,782.3762,782.95
2022-02-23 13:57:00,783.47,783.77,782.97,783.4717
2022-02-23 13:56:00,782.97,783.9,782.8801,783.355
2022-02-23 13:55:00,783.06,783.74,782.11,782.87
2022-02-23 13:54:00,782.92,783.1999,781.6124,782.88
2022-02-23 13:53:00,782.875,783.2499,782.3801,782.67
2022-02-23 13:52:00,783.57,784.0,782.77,782.77
2022-02-23 13:51:00,785.87,786.0,783.4,783.52
2022-02-23 13:50:00,787.65,787.9,785.695,786.06
2022-02-23 13:49:00,787.2,787.9499,786.84,787.62
2022-02-23 13:48:00,787.25,787.3,786.25,786.86
2022-02-23 13:47:00,788.05,788.87,787.1701,787.3
2022-02-23 13:46:00,786.0,788.09,785.9001,787.98
2022-02-23 13:45:00,786.62,787.0463,786.0,786.0603
2022-02-23 13:44:00,788.03,788.03,786.24,786.805
2022-02-23 13:43:00,789.24,789.485,787.6061,788.3245
2022-02-23 13:42:00,786.92,789.86,786.88,789.27
2022-02-23 13:41:00,787.32,787.32,786.4853,786.7849
2022-02-23 13:40:00,786.54,787.2,785.5,787.165
2022-02-23 13:39:00,786.91,787.52,786.5,787.0
2022-02-23 13:38:00,787.415,787.61,786.5801,786.89
2022-02-23 13:37:00,785.86,787.9,785.805,787.4365
2022-02-23 13:36:00,783.05,786.39,782.85,785.6987
2022-02-23 13:35:00,782.0,783.1199,781.96,782.7701
2022-02-23 13:34:00,781.8,782.5,781.7306,781.8601
2022-02-23 13:33:00,782.26,782.6,781.55,781.875
2022-02-23 13:32:00,781.73,782.55,781.63,782.145
2022-02-23 13:31:00,780.78,782.09,780.38,781.51
2022-02-23 13:30:00,780.4983,782.21,780.21,780.6
2022-02-23 13:29:00,782.2343,782.48,780.02,780.34
2022-02-23 13:28:00,781.9899,782.35,781.3484,782.0
2022-02-23 13:27:00,782.605,782.605,781.8,781.8
2022-02-23 13:26:00,783.2511,783.45,782.12,782.5
2022-02-23 13:25:00,782.71,783.6163,782.6077,783.1
2022-02-23 13:24:00,782.37,782.7994,782.05,782.3401
2022-02-23 13:23:00,782.1001,782.52,781.8,782.17
2022-02-23 13:22:00,782.35,782.6999,781.8,782.1
2022-02-23 13:21:00,783.25,783.99,782.52,782.52
2022-02-23 13:20:00,782.855,783.5277,781.98,783.5277
2022-02-23 13:19:00,783.4,783.6899,782.66,782.915
2022-02-23 13:18:00,783.2,783.6899,782.6601,783.08
2022-02-23 13:17:00,783.0267,783.9299,782.8,783.17
2022-02-23 13:16:00,781.64,783.45,781.39,782.89
2022-02-23 13:15:00,782.09,782.26,780.51,781.2
2022-02-23 13:14:00,781.9199,782.93,781.7148,782.1037
2022-02-23 13:13:00,783.2906,783.3,781.304,781.75
2022-02-23 13:12:00,784.386,784.386,782.65,783.285
2022-02-23 13:11:00,785.7,785.82,783.97,784.0689
2022-02-23 13:10:00,787.1308,787.63,785.42,785.66
2022-02-23 13:09:00,786.6876,787.7999,786.5401,787.0
2022-02-23 13:08:00,786.55,787.5,786.0301,786.6311
2022-02-23 13:07:00,787.27,787.7299,786.0,786.55
2022-02-23 13:06:00,787.87,787.9222,786.35,786.79
2022-02-23 13:05:00,789.1,789.55,786.8135,787.8199
2022-02-23 13:04:00,788.8259,789.0,788.25,789.0
2022-02-23 13:03:00,788.81,789.95,788.25,788.5999
2022-02-23 13:02:00,788.8377,789.5799,788.46,788.69
2022-02-23 13:01:00,788.9499,789.1645,788.0,788.63
2022-02-23 13:00:00,789.51,789.63,788.0,788.8743
2022-02-23 12:59:00,788.24,789.5764,788.0,789.5199
2022-02-23 12:58:00,789.1799,789.4261,788.0001,788.36
2022-02-23 12:57:00,789.8499,789.8499,788.4201,788.83
2022-02-23 12:56:00,789.42,790.89,788.77,789.58
2022-02-23 12:55:00,788.7753,789.2999,788.2401,788.98
2022-02-23 12:54:00,788.5,789.7598,788.15,788.73
2022-02-23 12:53:00,788.81,789.239,787.8656,788.75
2022-02-23 12:52:00,790.3899,790.3899,788.1352,788.83
2022-02-23 12:51:00,790.3886,790.56,788.92,790.18
2022-02-23 12:50:00,791.86,791.86,790.26,790.32
2022-02-23 12:49:00,792.0,792.475,791.3401,791.7
2022-02-23 12:48:00,792.4699,792.84,791.3001,791.8982
2022-02-23 12:47:00,793.155,793.43,792.0,792.7
2022-02-23 12:46:00,791.96,794.21,791.79,792.8197
2022-02-23 12:45:00,792.145,792.145,791.2901,791.8
2022-02-23 12:44:00,792.2,792.6,792.0001,792.145
2022-02-23 12:43:00,792.19,792.61,791.205,792.29
2022-02-23 12:42:00,791.3,792.71,791.07,792.185
2022-02-23 12:41:00,791.5997,792.0,791.5,791.715
2022-02-23 12:40:00,791.5102,792.0681,791.19,791.66
2022-02-23 12:39:00,791.14,791.9999,790.6,791.3
2022-02-23 12:38:00,791.8239,791.8239,790.4,791.47
2022-02-23 12:37:00,792.38,793.48,791.71,791.78
2022-02-23 12:36:00,792.35,792.64,791.7601,792.275
2022-02-23 12:35:00,793.14,793.4399,791.99,792.11
2022-02-23 12:34:00,794.9,795.04,792.93,793.01
2022-02-23 12:33:00,795.28,795.33,794.21,794.8799
2022-02-23 12:32:00,795.0,795.565,794.8,794.92
2022-02-23 12:31:00,796.6545,796.78,794.7,795.33
2022-02-23 12:30:00,797.64,798.0,795.69,796.205
2022-02-23 12:29:00,798.46,798.46,797.0,797.47
2022-02-23 12:28:00,797.11,798.4794,797.02,798.31
2022-02-23 12:27:00,799.1164,799.4499,797.02,797.255
2022-02-23 12:26:00,798.246,799.41,798.246,799.1001
2022-02-23 12:25:00,799.2401,799.4016,797.56,798.355
2022-02-23 12:24:00,799.9,800.5817,799.32,799.43
2022-02-23 12:23:00,799.835,799.9,798.9,799.9
2022-02-23 12:22:00,799.41,799.99,798.56,799.76
2022-02-23 12:21:00,797.625,800.71,797.4901,799.35
2022-02-23 12:20:00,796.5875,797.92,796.53,797.7
2022-02-23 12:19:00,796.13,797.43,795.58,796.6
2022-02-23 12:18:00,797.5899,797.5899,795.8701,796.3499
2022-02-23 12:17:00,795.6781,797.66,795.01,797.44
2022-02-23 12:16:00,795.7,795.99,795.4,795.98
2022-02-23 12:15:00,794.71,796.0,794.25,794.79
2022-02-23 12:14:00,793.83,794.8,793.15,794.39
2022-02-23 12:13:00,795.01,795.52,793.4001,793.835
2022-02-23 12:12:00,794.59,796.58,794.5853,795.2788
2022-02-23 12:11:00,793.62,794.89,792.66,794.318
2022-02-23 12:10:00,795.1,795.82,793.33,793.7854
2022-02-23 12:09:00,796.08,796.26,793.73,795.3204
2022-02-23 12:08:00,793.33,796.77,793.16,796.0915
2022-02-23 12:07:00,791.99,793.32,791.5611,793.18
2022-02-23 12:06:00,791.19,792.0,790.24,791.57
2022-02-23 12:05:00,791.74,792.115,790.75,791.2
2022-02-23 12:04:00,791.6716,792.42,791.225,792.14
2022-02-23 12:03:00,792.79,792.79,791.2201,791.7999
2022-02-23 12:02:00,792.155,792.867,790.78,792.8399
2022-02-23 12:01:00,792.97,793.9,792.0,792.1143
2022-02-23 12:00:00,793.74,794.1299,791.9,793.15
2022-02-23 11:59:00,793.98,794.36,793.0001,793.85
2022-02-23 11:58:00,793.0,795.16,792.4387,794.07
2022-02-23 11:57:00,792.4099,793.25,791.9485,793.1329
2022-02-23 11:56:00,793.79,794.44,791.51,792.03
2022-02-23 11:55:00,793.355,794.1676,793.01,794.0792
2022-02-23 11:54:00,792.24,793.9,791.63,793.345
2022-02-23 11:53:00,789.03,792.85,788.38,792.15
2022-02-23 11:52:00,788.67,788.95,787.52,788.75
2022-02-23 11:51:00,790.2783,790.39,788.0,788.575
2022-02-23 11:50:00,789.8263,791.77,789.43,790.3
2022-02-23 11:49:00,790.2446,790.39,788.9754,790.0
2022-02-23 11:48:00,789.19,790.225,788.77,790.225
2022-02-23 11:47:00,788.99,789.94,788.99,789.2803
2022-02-23 11:46:00,789.4,791.1582,788.8601,789.1899
2022-02-23 11:45:00,790.12,790.49,788.0,788.945
2022-02-23 11:44:00,790.1661,790.9599,790.0,790.0291
2022-02-23 11:43:00,792.286,792.5,789.367,790.395
2022-02-23 11:42:00,792.975,793.2522,791.85,792.0383
2022-02-23 11:41:00,792.7,794.16,792.3739,792.8062
2022-02-23 11:40:00,791.6975,793.37,791.44,792.51
2022-02-23 11:39:00,793.7399,794.16,791.16,791.49
2022-02-23 11:38:00,791.57,794.7,791.2701,793.405
2022-02-23 11:37:00,789.8527,791.7,789.23,791.7
2022-02-23 11:36:00,789.29,790.0,788.54,789.86
2022-02-23 11:35:00,788.46,790.0,787.63,789.4184
2022-02-23 11:34:00,790.48,790.9856,787.914,789.0
2022-02-23 11:33:00,791.71,792.8,790.63,790.63
2022-02-23 11:32:00,790.475,792.99,789.4298,791.5765
2022-02-23 11:31:00,786.11,790.67,785.68,790.5264
2022-02-23 11:30:00,787.5,787.81,785.31,786.24
2022-02-23 11:29:00,787.41,787.98,786.81,787.125
2022-02-23 11:28:00,788.96,789.33,786.0,787.5852
2022-02-23 11:27:00,790.26,790.6327,788.56,789.0
2022-02-23 11:26:00,790.8675,790.96,789.36,790.48
2022-02-23 11:25:00,788.345,792.76,788.18,791.3099
2022-02-23 11:24:00,788.96,789.87,788.1,788.69
2022-02-23 11:23:00,789.43,789.78,788.6859,788.8
2022-02-23 11:22:00,790.14,791.2,789.3,789.6125
2022-02-23 11:21:00,788.0101,790.2499,788.0101,790.11
2022-02-23 11:20:00,788.8766,789.8099,788.115,788.175
2022-02-23 11:19:00,786.6759,789.3299,786.2201,788.75
2022-02-23 11:18:00,787.61,787.61,785.78,786.785
2022-02-23 11:17:00,788.53,788.5301,786.6,787.675
2022-02-23 11:16:00,790.1101,790.725,788.5193,788.8069
2022-02-23 11:15:00,793.5191,793.5191,790.0,790.07
2022-02-23 11:14:00,794.33,794.99,793.47,793.7771
2022-02-23 11:13:00,791.58,794.8499,791.57,794.53
2022-02-23 11:12:00,793.72,793.72,791.32,792.03
2022-02-23 11:11:00,794.6864,795.0,793.67,793.805
2022-02-23 11:10:00,793.5368,795.0,792.51,794.8
2022-02-23 11:09:00,793.85,794.8399,792.38,793.535
2022-02-23 11:08:00,794.01,794.98,794.0,794.06
2022-02-23 11:07:00,794.59,795.0,793.71,794.21
2022-02-23 11:06:00,793.5425,795.12,793.25,794.87
2022-02-23 11:05:00,793.868,794.457,793.15,793.5
2022-02-23 11:04:00,796.9499,797.17,793.0,794.06
2022-02-23 11:03:00,799.33,799.33,796.54,796.9898
2022-02-23 11:02:00,799.08,799.7,797.685,799.55
2022-02-23 11:01:00,797.27,799.9,797.27,799.5345
2022-02-23 11:00:00,798.33,798.345,795.9,797.5176
2022-02-23 10:59:00,799.95,799.98,798.23,798.77
2022-02-23 10:58:00,799.4875,799.98,798.5605,799.98
2022-02-23 10:57:00,798.8947,799.69,797.6369,799.0609
2022-02-23 10:56:00,795.98,799.11,795.15,799.11
2022-02-23 10:55:00,797.28,799.9,795.52,795.55
2022-02-23 10:54:00,798.02,798.02,795.8,797.145
2022-02-23 10:53:00,799.43,800.0,797.6,797.689
2022-02-23 10:52:00,799.43,800.0,798.81,799.4
2022-02-23 10:51:00,798.37,799.75,797.41,799.2
2022-02-23 10:50:00,797.49,799.5799,796.77,798.7
2022-02-23 10:49:00,800.8801,801.5,797.298,797.3482
2022-02-23 10:48:00,799.19,801.7,798.96,801.3199
2022-02-23 10:47:00,800.89,801.17,799.5,799.7
2022-02-23 10:46:00,799.64,801.1299,799.02,800.98
2022-02-23 10:45:00,799.09,800.3117,798.2001,799.855
2022-02-23 10:44:00,801.91,802.5,798.74,799.24
2022-02-23 10:43:00,800.67,802.35,799.59,802.35
2022-02-23 10:42:00,801.23,802.6299,800.6,800.8338
2022-02-23 10:41:00,802.4247,803.175,801.2,801.63
2022-02-23 10:40:00,804.475,804.56,801.93,802.29
2022-02-23 10:39:00,805.961,806.2,803.81,804.31
2022-02-23 10:38:00,805.71,807.82,804.51,806.1351
2022-02-23 10:37:00,806.67,806.72,803.4301,805.7439
2022-02-23 10:36:00,807.72,807.72,806.0001,806.18
2022-02-23 10:35:00,804.55,807.98,803.92,807.44
2022-02-23 10:34:00,803.7301,804.75,802.77,804.51
2022-02-23 10:33:00,804.1985,804.2999,802.8201,804.13
2022-02-23 10:32:00,803.6003,804.9,802.4,804.23
2022-02-23 10:31:00,800.398,804.0,800.11,803.94
2022-02-23 10:30:00,801.7406,801.91,799.5001,800.34
2022-02-23 10:29:00,801.7899,802.78,800.76,802.025
2022-02-23 10:28:00,799.8141,802.34,799.805,801.4167
2022-02-23 10:27:00,800.4669,801.13,799.25,800.14
2022-02-23 10:26:00,800.38,801.093,799.2901,800.545
2022-02-23 10:25:00,799.86,800.6499,797.22,800.33
2022-02-23 10:24:00,802.51,802.93,798.76,799.82
2022-02-23 10:23:00,806.64,806.71,801.84,803.02
2022-02-23 10:22:00,802.8262,806.8899,802.4,806.4921
2022-02-23 10:21:00,804.0,804.0,801.1787,803.25
2022-02-23 10:20:00,799.66,804.0,799.47,803.6717
2022-02-23 10:19:00,802.264,802.6735,799.283,799.66
2022-02-23 10:18:00,801.8799,804.0,801.4619,802.31
2022-02-23 10:17:00,800.67,801.6699,798.5601,801.51
2022-02-23 10:16:00,804.8899,804.8899,800.27,800.73
2022-02-23 10:15:00,805.5983,805.8257,803.7201,804.85
2022-02-23 10:14:00,804.4791,806.2,804.25,805.7
2022-02-23 10:13:00,804.4699,804.85,803.06,804.2422
2022-02-23 10:12:00,802.7,804.95,802.4,804.2
2022-02-23 10:11:00,801.13,803.4899,801.0,802.27
2022-02-23 10:10:00,797.58,801.27,797.56,800.86
2022-02-23 10:09:00,797.54,798.5,795.2701,797.62
2022-02-23 10:08:00,800.9,800.9999,796.25,797.52
2022-02-23 10:07:00,803.695,804.2599,799.0,800.65
2022-02-23 10:06:00,802.4,806.0541,802.26,803.4948
2022-02-23 10:05:00,806.652,806.9599,802.2,802.28
2022-02-23 10:04:00,805.55,806.9996,805.55,806.57
2022-02-23 10:03:00,804.0,805.98,803.28,805.7757
2022-02-23 10:02:00,806.8,806.8,802.55,804.0001
2022-02-23 10:01:00,806.98,808.4113,806.6401,806.8
2022-02-23 10:00:00,808.7201,809.5198,806.52,806.92
2022-02-23 09:59:00,811.99,812.13,808.61,809.06
2022-02-23 09:58:00,811.26,812.31,810.5,812.3
2022-02-23 09:57:00,812.48,812.5,810.77,811.01
2022-02-23 09:56:00,814.7999,815.0,812.0,812.265
2022-02-23 09:55:00,813.93,815.3499,813.23,814.7399
2022-02-23 09:54:00,815.75,816.07,813.34,813.93
2022-02-23 09:53:00,816.3,817.47,815.47,815.86
2022-02-23 09:52:00,818.18,819.59,816.3,816.32
2022-02-23 09:51:00,817.44,819.49,816.9301,817.86
2022-02-23 09:50:00,820.49,820.77,816.83,817.135
2022-02-23 09:49:00,822.22,822.99,820.44,820.67
2022-02-23 09:48:00,823.0,823.0,820.5,822.0
2022-02-23 09:47:00,824.48,824.48,821.79,822.66
2022-02-23 09:46:00,826.0,827.4,823.99,824.25
2022-02-23 09:45:00,825.6393,826.49,824.3414,825.74
2022-02-23 09:44:00,825.476,825.85,823.32,825.84
2022-02-23 09:43:00,825.1001,826.01,823.5922,825.6201
2022-02-23 09:42:00,824.6,826.23,823.95,825.335
2022-02-23 09:41:00,830.29,830.58,822.86,824.375
2022-02-23 09:40:00,831.59,834.085,828.54,830.26
2022-02-23 09:39:00,827.5,832.72,827.3,831.58
2022-02-23 09:38:00,827.22,828.61,826.98,827.39
2022-02-23 09:37:00,828.24,829.5138,826.6281,827.005
2022-02-23 09:36:00,828.08,830.44,827.1901,828.2401
2022-02-23 09:35:00,834.26,834.63,828.0401,828.0401
2022-02-23 09:34:00,829.42,834.94,829.42,834.5
2022-02-23 09:33:00,827.4,830.2199,827.2501,829.3579
2022-02-23 09:32:00,829.99,830.35,826.1,827.4332
2022-02-23 09:31:00,832.35,835.2499,828.3,829.9299
2022-02-23 09:30:00,830.43,835.2997,830.22,832.552
